id,first_name,last_name,email,gender,Country
1,Ferdinanda,Fonte,ffonte0@twitter.com,Female,Ukraine
2,Shannon,Varley,svarley1@japanpost.jp,Male,France
3,Siobhan,Anersen,sanersen2@craigslist.org,Female,Macedonia
4,Trumaine,Bence,tbence3@opensource.org,Male,Indonesia
5,Aggie,Mc Elory,amcelory4@jigsy.com,Female,Indonesia
6,Rosette,Thouless,rthouless5@google.it,Female,Indonesia
7,Ludovika,Snaddon,lsnaddon6@weebly.com,Female,France
8,Audrey,Love,alove7@artisteer.com,Female,China
9,Melodee,Lasselle,mlasselle8@php.net,Female,France
10,Reube,Morl,rmorl9@cloudflare.com,Male,Indonesia
11,Marge,Pien,mpiena@cisco.com,Polygender,Indonesia
12,Gill,Freeburn,gfreeburnb@ucsd.edu,Male,Russia
13,Gerry,Olford,golfordc@indiatimes.com,Female,China
14,Gussi,Murie,gmuried@usnews.com,Female,China
15,Ash,Friedlos,afriedlose@senate.gov,Male,Russia
16,Gardiner,Rivelin,grivelinf@homestead.com,Male,China
17,Herby,Benninck,hbenninckg@dedecms.com,Male,China
18,Veronica,Brogini,vbroginih@dmoz.org,Female,Indonesia
19,Moishe,Clarycott,mclarycotti@ebay.com,Male,Japan
20,Denice,Colnett,dcolnettj@cargocollective.com,Female,Argentina
21,Meghann,Zupa,mzupak@furl.net,Female,Indonesia
22,Sheela,Klainer,sklainerl@smugmug.com,Female,Poland
23,Randi,Brinson,rbrinsonm@cbc.ca,Female,Indonesia
24,Ursola,Clack,uclackn@about.com,Female,China
25,Conrade,Spurret,cspurreto@qq.com,Male,China
26,Ken,Whitmore,kwhitmorep@tripod.com,Male,China
27,Sylvan,Cottee,scotteeq@furl.net,Male,Netherlands
28,Carmon,Perotti,cperottir@loc.gov,Female,Ireland
29,Philbert,Borman,pbormans@cmu.edu,Male,China
30,Andie,Ismail,aismailt@amazonaws.com,Male,Uganda
31,Valentine,Elbourne,velbourneu@epa.gov,Female,Russia
32,Fabien,Orrocks,forrocksv@nature.com,Male,Brazil
33,Pebrook,Wrightson,pwrightsonw@comsenz.com,Male,Indonesia
34,Aurora,Matkovic,amatkovicx@oracle.com,Female,China
35,Hervey,Pree,hpreey@gizmodo.com,Male,China
36,Fin,ffrench Beytagh,fffrenchbeytaghz@amazon.co.uk,Male,Kenya
37,Neill,Baudts,nbaudts10@squidoo.com,Male,Russia
38,Evangeline,Skellion,eskellion11@goo.gl,Female,Czech Republic
39,Fabian,Yellowley,fyellowley12@netvibes.com,Male,China
40,Shepherd,Mose,smose13@merriam-webster.com,Male,China
41,Carson,Macartney,cmacartney14@foxnews.com,Male,Poland
42,Beret,Phython,bphython15@google.es,Female,Russia
43,Adair,Covet,acovet16@dailymail.co.uk,Male,Philippines
44,Clark,Read,cread17@imdb.com,Male,Brazil
45,Greta,Forster,gforster18@issuu.com,Female,China
46,Loralyn,Yezafovich,lyezafovich19@51.la,Female,Chad
47,Frances,Precious,fprecious1a@skype.com,Female,Indonesia
48,Gavan,Leftly,gleftly1b@artisteer.com,Male,Estonia
49,Tabitha,Vaz,tvaz1c@networkadvertising.org,Female,Honduras
50,Ofilia,Willets,owillets1d@dedecms.com,Female,Brazil
51,Scarlett,Rashleigh,srashleigh1e@github.com,Female,Indonesia
52,Cullan,Di Claudio,cdiclaudio1f@mapy.cz,Male,Colombia
53,Shina,Minshall,sminshall1g@usa.gov,Female,Albania
54,Wallache,Horsburgh,whorsburgh1h@surveymonkey.com,Male,Indonesia
55,Blaine,Elger,belger1i@canalblog.com,Male,China
56,Sax,Regelous,sregelous1j@lulu.com,Male,Kazakhstan
57,Merell,Ismail,mismail1k@webs.com,Male,Colombia
58,Deirdre,Durno,ddurno1l@foxnews.com,Female,Philippines
59,Pat,Niblock,pniblock1m@vinaora.com,Genderqueer,Indonesia
60,Patsy,Ezele,pezele1n@geocities.jp,Female,China
61,Michale,Cowin,mcowin1o@army.mil,Male,Philippines
62,Gannie,Sherel,gsherel1p@hostgator.com,Male,China
63,Inga,Fortie,ifortie1q@apache.org,Female,Philippines
64,Kristos,Withull,kwithull1r@e-recht24.de,Male,China
65,Vittoria,Ballin,vballin1s@addthis.com,Female,Gambia
66,Janessa,Doulton,jdoulton1t@miitbeian.gov.cn,Bigender,Russia
67,Linus,Richt,lricht1u@squidoo.com,Male,China
68,Elnora,Elflain,eelflain1v@webs.com,Female,China
69,Averyl,Yendall,ayendall1w@bing.com,Female,Japan
70,Felisha,Cocozza,fcocozza1x@theatlantic.com,Genderqueer,Ecuador
71,Henri,Giacoboni,hgiacoboni1y@exblog.jp,Male,Indonesia
72,Kylie,Troke,ktroke1z@sohu.com,Male,Brazil
73,Vaclav,Habbershon,vhabbershon20@lulu.com,Male,Brazil
74,Hubert,Steabler,hsteabler21@bravesites.com,Male,Cuba
75,Ailey,Smithin,asmithin22@homestead.com,Female,Brazil
76,Rycca,Sent,rsent23@chron.com,Female,China
77,Colet,Verrell,cverrell24@geocities.com,Male,Colombia
78,Charmine,Eminson,ceminson25@engadget.com,Female,Israel
79,Simone,Farge,sfarge26@acquirethisname.com,Genderqueer,Bosnia and Herzegovina
80,Terry,Millery,tmillery27@domainmarket.com,Male,Sweden
81,Michael,Studdert,mstuddert28@dailymotion.com,Male,Czech Republic
82,Freddie,Petrovykh,fpetrovykh29@creativecommons.org,Male,Indonesia
83,Torrey,Storey,tstorey2a@nyu.edu,Male,China
84,Blythe,MacCrosson,bmaccrosson2b@usgs.gov,Female,Argentina
85,Allyson,Drewery,adrewery2c@epa.gov,Female,Argentina
86,Duane,Vasnev,dvasnev2d@xinhuanet.com,Male,Japan
87,Marj,Pulbrook,mpulbrook2e@seesaa.net,Female,Indonesia
88,Sheela,Chansonnau,schansonnau2f@salon.com,Female,Finland
89,Ranee,Search,rsearch2g@kickstarter.com,Female,Singapore
90,Liva,Chesterton,lchesterton2h@cdc.gov,Female,Indonesia
91,Danny,Martins,dmartins2i@sitemeter.com,Male,Thailand
92,Gene,Obert,gobert2j@sina.com.cn,Female,Poland
93,Tibold,Hawking,thawking2k@live.com,Male,China
94,Obadiah,Cowerd,ocowerd2l@joomla.org,Male,China
95,Eli,Fairn,efairn2m@mozilla.org,Male,Russia
96,Thatcher,Russell,trussell2n@meetup.com,Male,China
97,Theodora,Widdows,twiddows2o@columbia.edu,Female,Canada
98,Kirbee,McFarlane,kmcfarlane2p@biblegateway.com,Female,Iran
99,Kennan,Musico,kmusico2q@weebly.com,Male,Venezuela
100,Juline,Pennacci,jpennacci2r@woothemes.com,Female,Morocco
