first_name,last_name,email,gender,Country
Ferdinanda,Fonte,ffonte0@twitter.com,Female,Ukraine
Shannon,Varley,svarley1@japanpost.jp,Male,France
Siobhan,Anersen,sanersen2@craigslist.org,Female,Macedonia
Trumaine,Bence,tbence3@opensource.org,Male,Indonesia
Aggie,Mc Elory,amcelory4@jigsy.com,Female,Indonesia
Rosette,Thouless,rthouless5@google.it,Female,Indonesia
Ludovika,Snaddon,lsnaddon6@weebly.com,Female,France
Audrey,Love,alove7@artisteer.com,Female,China
Melodee,Lasselle,mlasselle8@php.net,Female,France
Reube,Morl,rmorl9@cloudflare.com,Male,Indonesia
Marge,Pien,mpiena@cisco.com,Unknown,Indonesia
Gill,Freeburn,gfreeburnb@ucsd.edu,Male,Russia
Gerry,Olford,golfordc@indiatimes.com,Female,China
Gussi,Murie,gmuried@usnews.com,Female,China
Ash,Friedlos,afriedlose@senate.gov,Male,Russia
Gardiner,Rivelin,grivelinf@homestead.com,Male,China
Herby,Benninck,hbenninckg@dedecms.com,Male,China
Veronica,Brogini,vbroginih@dmoz.org,Female,Indonesia
Moishe,Clarycott,mclarycotti@ebay.com,Male,Japan
Denice,Colnett,dcolnettj@cargocollective.com,Female,Argentina
Meghann,Zupa,mzupak@furl.net,Female,Indonesia
Sheela,Klainer,sklainerl@smugmug.com,Female,Poland
Randi,Brinson,rbrinsonm@cbc.ca,Female,Indonesia
Ursola,Clack,uclackn@about.com,Female,China
Conrade,Spurret,cspurreto@qq.com,Male,China
Ken,Whitmore,kwhitmorep@tripod.com,Male,China
Sylvan,Cottee,scotteeq@furl.net,Male,Netherlands
Carmon,Perotti,cperottir@loc.gov,Female,Ireland
Philbert,Borman,pbormans@cmu.edu,Male,China
Andie,Ismail,aismailt@amazonaws.com,Male,Uganda
Valentine,Elbourne,velbourneu@epa.gov,Female,Russia
Fabien,Orrocks,forrocksv@nature.com,Male,Brazil
Pebrook,Wrightson,pwrightsonw@comsenz.com,Male,Indonesia
Aurora,Matkovic,amatkovicx@oracle.com,Female,China
Hervey,Pree,hpreey@gizmodo.com,Male,China
Fin,ffrench Beytagh,fffrenchbeytaghz@amazon.co.uk,Male,Kenya
Neill,Baudts,nbaudts10@squidoo.com,Male,Russia
Evangeline,Skellion,eskellion11@goo.gl,Female,Czech Republic
Fabian,Yellowley,fyellowley12@netvibes.com,Male,China
Shepherd,Mose,smose13@merriam-webster.com,Male,China
Carson,Macartney,cmacartney14@foxnews.com,Male,Poland
Beret,Phython,bphython15@google.es,Female,Russia
Adair,Covet,acovet16@dailymail.co.uk,Male,Philippines
Clark,Read,cread17@imdb.com,Male,Brazil
Greta,Forster,gforster18@issuu.com,Female,China
Loralyn,Yezafovich,lyezafovich19@51.la,Female,Chad
Frances,Precious,fprecious1a@skype.com,Female,Indonesia
Gavan,Leftly,gleftly1b@artisteer.com,Male,Estonia
Tabitha,Vaz,tvaz1c@networkadvertising.org,Female,Honduras
Ofilia,Willets,owillets1d@dedecms.com,Female,Brazil
Scarlett,Rashleigh,srashleigh1e@github.com,Female,Indonesia
Cullan,Di Claudio,cdiclaudio1f@mapy.cz,Male,Colombia
Shina,Minshall,sminshall1g@usa.gov,Female,Albania
Wallache,Horsburgh,whorsburgh1h@surveymonkey.com,Male,Indonesia
Blaine,Elger,belger1i@canalblog.com,Male,China
Sax,Regelous,sregelous1j@lulu.com,Male,Kazakhstan
Merell,Ismail,mismail1k@webs.com,Male,Colombia
Deirdre,Durno,ddurno1l@foxnews.com,Female,Philippines
Pat,Niblock,pniblock1m@vinaora.com,Unknown,Indonesia
Patsy,Ezele,pezele1n@geocities.jp,Female,China
Michale,Cowin,mcowin1o@army.mil,Male,Philippines
Gannie,Sherel,gsherel1p@hostgator.com,Male,China
Inga,Fortie,ifortie1q@apache.org,Female,Philippines
Kristos,Withull,kwithull1r@e-recht24.de,Male,China
Vittoria,Ballin,vballin1s@addthis.com,Female,Gambia
Janessa,Doulton,jdoulton1t@miitbeian.gov.cn,Unknown,Russia
Linus,Richt,lricht1u@squidoo.com,Male,China
Elnora,Elflain,eelflain1v@webs.com,Female,China
Averyl,Yendall,ayendall1w@bing.com,Female,Japan
Felisha,Cocozza,fcocozza1x@theatlantic.com,Unknown,Ecuador
Henri,Giacoboni,hgiacoboni1y@exblog.jp,Male,Indonesia
Kylie,Troke,ktroke1z@sohu.com,Male,Brazil
Vaclav,Habbershon,vhabbershon20@lulu.com,Male,Brazil
Hubert,Steabler,hsteabler21@bravesites.com,Male,Cuba
Ailey,Smithin,asmithin22@homestead.com,Female,Brazil
Rycca,Sent,rsent23@chron.com,Female,China
Colet,Verrell,cverrell24@geocities.com,Male,Colombia
Charmine,Eminson,ceminson25@engadget.com,Female,Israel
Simone,Farge,sfarge26@acquirethisname.com,Unknown,Bosnia and Herzegovina
Terry,Millery,tmillery27@domainmarket.com,Male,Sweden
Michael,Studdert,mstuddert28@dailymotion.com,Male,Czech Republic
Freddie,Petrovykh,fpetrovykh29@creativecommons.org,Male,Indonesia
Torrey,Storey,tstorey2a@nyu.edu,Male,China
Blythe,MacCrosson,bmaccrosson2b@usgs.gov,Female,Argentina
Allyson,Drewery,adrewery2c@epa.gov,Female,Argentina
Duane,Vasnev,dvasnev2d@xinhuanet.com,Male,Japan
Marj,Pulbrook,mpulbrook2e@seesaa.net,Female,Indonesia
Sheela,Chansonnau,schansonnau2f@salon.com,Female,Finland
Ranee,Search,rsearch2g@kickstarter.com,Female,Singapore
Liva,Chesterton,lchesterton2h@cdc.gov,Female,Indonesia
Danny,Martins,dmartins2i@sitemeter.com,Male,Thailand
Gene,Obert,gobert2j@sina.com.cn,Female,Poland
Tibold,Hawking,thawking2k@live.com,Male,China
Obadiah,Cowerd,ocowerd2l@joomla.org,Male,China
Eli,Fairn,efairn2m@mozilla.org,Male,Russia
Thatcher,Russell,trussell2n@meetup.com,Male,China
Theodora,Widdows,twiddows2o@columbia.edu,Female,Canada
Kirbee,McFarlane,kmcfarlane2p@biblegateway.com,Female,Iran
Kennan,Musico,kmusico2q@weebly.com,Male,Venezuela
Juline,Pennacci,jpennacci2r@woothemes.com,Female,Morocco
